date,stocks_value,stocks_pnl,condor_pts,condor_rs,nav,nifty,vix,condor_status,note
2026-07-30,92999,-0,-14.1,-914,199086,24317.2,12.15,open,
2026-07-30,92999,-0,-14.1,-914,199086,24317.2,12.15,open,
2026-07-31,94427,+1428,-8.2,-535,200893,24383.6,11.76,open,REBALANCE: 2 paper orders
2026-08-03,94938,+2594,-34.1,-2217,200378,24774.3,11.93,open,
2026-08-04,95006,+2662,-16.7,-1085,201578,24614.9,12.19,open,
2026-08-05,94863,+2519,-13.9,-905,201614,24624.7,12.06,open,
2026-08-06,94426,+2082,-14.0,-913,201169,24626.8,12.36,open,
2026-08-07,94044,+1700,-3.7,-242,201458,24570.7,12.16,open,
2026-08-10,94474,+2130,+4.0,+257,202387,24583.8,12.24,open,
