symbol,qty,entry_px,entry_date
IDEA,389,12.87,2026-07-30
MCX,2,2677.00,2026-07-30
ADANIENSOL,3,1659.00,2026-07-30
NATIONALUM,14,347.65,2026-07-30
BHARATFORG,2,2164.70,2026-07-30
BHEL,12,403.00,2026-07-30
LAURUSLABS,3,1781.30,2026-07-30
SHRIRAMFIN,5,1027.20,2026-07-30
FEDERALBNK,14,354.15,2026-07-30
BSE,1,3530.30,2026-07-30
RADICO,1,4340.80,2026-07-31
SONACOMS,6,815.00,2026-08-31
MOTHERSON,30,165.60,2026-08-31
AUROPHARMA,3,1645.30,2026-08-31
TITAN,1,4587.00,2026-09-30
AUBANK,5,1010.30,2026-09-30
